address,city,state,source,city_id,image_name,image_url,lon,lat,date,parcel_num,floors_num,bedrooms_num,bathrooms_num,basement,heating,cooling,yr_built,own_v_rent,age_tenants,tenants_num,type_property,sqft,curr_price,prev_price,county,clear_image,test_failed,rand_select,vegetation,vegetation_confidence,siding,siding_confidence,gutter,gutter_confidence,roof,roof_confidence,img_used
303 I AVE,Grundy Center,Iowa,G,G,G_D_303 I AVE.png,"https://maps.googleapis.com/maps/api/streetview?size=800x800&location=303+I+AVE,Grundy+Center+Iowa",-92.7664108,42.3597459,,,,,,,,,,,,,,,,,,TRUE,,TRUE,garden_present,44.33,poor_siding,36.93,good_gutter,55.52,good_roof,58.53,G_G_303 I AVE_
301 I AVE,Grundy Center,Iowa,G,G,G_D_301 I AVE.png,"https://maps.googleapis.com/maps/api/streetview?size=800x800&location=301+I+AVE,Grundy+Center+Iowa",-92.7662163,42.359789,,,,,,,,,,,,,,,,,,TRUE,,TRUE,garden_present,44.12,poor_siding,36.41,good_gutter,55.83,bad_roof,51.38,W_G_301 I AVE_
1206 4TH ST,Grundy Center,Iowa,G,G,G_D_1206 4TH ST.png,"https://maps.googleapis.com/maps/api/streetview?size=800x800&location=1206+4TH+ST,Grundy+Center+Iowa",-92.768083,42.3562098,,,,,,,,,,,,,,,,,,FALSE,house_present,FALSE,,0,,0,,0,,0,
505 I AVE,Grundy Center,Iowa,G,G,G_D_505 I AVE.png,"https://maps.googleapis.com/maps/api/streetview?size=800x800&location=505+I+AVE,Grundy+Center+Iowa",-92.770572,42.3597609,,,,,,,,,,,,,,,,,,FALSE,house_present,FALSE,,0,,0,,0,,0,
212 K AVE,Grundy Center,Iowa,G,G,G_D_212 K AVE.png,"https://maps.googleapis.com/maps/api/streetview?size=800x800&location=212+K+AVE,Grundy+Center+Iowa",-92.7660608,42.3575262,,,,,,,,,,,,,,,,,,TRUE,,FALSE,garden_present,42,poor_siding,34.13,good_gutter,65.74,bad_roof,52.5,G_G_212 K AVE_
1208 5TH ST,Grundy Center,Iowa,G,G,G_D_1208 5TH ST.png,"https://maps.googleapis.com/maps/api/streetview?size=800x800&location=1208+5TH+ST,Grundy+Center+Iowa",-92.7697747,42.3560731,,,,,,,,,,,,,,,,,,FALSE,house_present,FALSE,,0,,0,,0,,0,
808 FROST ST,Grundy Center,Iowa,G,G,G_D_808 FROST ST.png,"https://maps.googleapis.com/maps/api/streetview?size=800x800&location=808+FROST+ST,Grundy+Center+Iowa",-92.7671302,42.3598246,,,,,,,,,,,,,,,,,,TRUE,,TRUE,garden_present,42.74,poor_siding,35.84,good_gutter,65,good_roof,54.11,G_G_808 FROST ST_
307 I AVE,Grundy Center,Iowa,G,G,G_D_307 I AVE.png,"https://maps.googleapis.com/maps/api/streetview?size=800x800&location=307+I+AVE,Grundy+Center+Iowa",-92.7669163,42.3597721,,,,,,,,,,,,,,,,,,TRUE,,TRUE,no_garden,40.26,poor_siding,37.8,poor/no_gutter,72.25,bad_roof,51.96,W_G_307 I AVE_
310 E M Ave,Grundy Center,Iowa,G,G,G_D_310 E M Ave.png,"https://maps.googleapis.com/maps/api/streetview?size=800x800&location=310+E+M+Ave,Grundy+Center+Iowa",-92.7780334,42.3687752,,,,,,,,,,,,,,,,,,FALSE,house_present,FALSE,,0,,0,,0,,0,
501 HYDE AVE,Grundy Center,Iowa,G,G,G_D_501 HYDE AVE.png,"https://maps.googleapis.com/maps/api/streetview?size=800x800&location=501+HYDE+AVE,Grundy+Center+Iowa",-92.7702608,42.3545054,,,,,,,,,,,,,,,,,,TRUE,,TRUE,garden_present,43.44,poor_siding,37.25,good_gutter,65.07,bad_roof,54.83,W_G_501 HYDE AVE_
302 H AVE,Grundy Center,Iowa,G,G,G_D_302 H AVE.png,"https://maps.googleapis.com/maps/api/streetview?size=800x800&location=302+H+AVE,Grundy+Center+Iowa",-92.7661799,42.3603263,,,,,,,,,,,,,,,,,,TRUE,,TRUE,garden_present,39.66,poor_siding,37.51,good_gutter,67.36,good_roof,52.24,W_G_302 H AVE_
314 H AVE,Grundy Center,Iowa,G,G,G_D_314 H AVE.png,"https://maps.googleapis.com/maps/api/streetview?size=800x800&location=314+H+AVE,Grundy+Center+Iowa",-92.7677719,42.3603277,,,,,,,,,,,,,,,,,,TRUE,,FALSE,garden_present,38.27,chipped_paint,36,good_gutter,69.47,bad_roof,53.64,G_G_314 H AVE_
411 Hyde Ave,Grundy Center,Iowa,G,G,G_D_411 Hyde Ave.png,"https://maps.googleapis.com/maps/api/streetview?size=800x800&location=411+Hyde+Ave,Grundy+Center+Iowa",-92.7695997,42.354483,,,,,,,,,,,,,,,,,,TRUE,,TRUE,garden_present,41.18,good_siding,37.1,good_gutter,72.15,good_roof,54.47,W_G_411 HYDE AVE_
403 H AVE,Grundy Center,Iowa,G,G,G_D_403 H AVE.png,"https://maps.googleapis.com/maps/api/streetview?size=800x800&location=403+H+AVE,Grundy+Center+Iowa",-92.7690747,42.3606997,,,,,,,,,,,,,,,,,,TRUE,,FALSE,no_garden,39.45,poor_siding,35.48,good_gutter,57.97,bad_roof,59.69,G_G_403 H AVE_
708 5TH ST,Grundy Center,Iowa,G,G,G_D_708 5TH ST.png,"https://maps.googleapis.com/maps/api/streetview?size=800x800&location=708+5TH+ST,Grundy+Center+Iowa",-92.7696858,42.3607574,,,,,,,,,,,,,,,,,,FALSE,house_present,FALSE,,0,,0,,0,,0,
302 E H AVE,Grundy Center,Iowa,G,G,G_D_302 E H AVE.png,"https://maps.googleapis.com/maps/api/streetview?size=800x800&location=302+E+H+AVE,Grundy+Center+Iowa",-92.7661799,42.3603263,,,,,,,,,,,,,,,,,,TRUE,,FALSE,garden_present,40.68,poor_siding,35.6,good_gutter,67.67,bad_roof,50.45,G_G_302 E H AVE_
310 G AVE,Grundy Center,Iowa,G,G,G_D_310 G AVE.png,"https://maps.googleapis.com/maps/api/streetview?size=800x800&location=310+G+AVE,Grundy+Center+Iowa",-92.767214,42.361311,,,,,,,,,,,,,,,,,,TRUE,,TRUE,no_garden,40,chipped_paint,35.8,good_gutter,70.52,good_roof,51.81,G_G_310 G AVE_
1204 4TH ST,Grundy Center,Iowa,G,G,G_D_1204 4TH ST.png,"https://maps.googleapis.com/maps/api/streetview?size=800x800&location=1204+4TH+ST,Grundy+Center+Iowa",-92.768083,42.3564019,,,,,,,,,,,,,,,,,,TRUE,,FALSE,garden_present,41.34,poor_siding,36.63,poor/no_gutter,70.91,good_roof,55.67,G_G_1204 4TH ST_
1202 4TH ST,Grundy Center,Iowa,G,G,G_D_1202 4TH ST.png,"https://maps.googleapis.com/maps/api/streetview?size=800x800&location=1202+4TH+ST,Grundy+Center+Iowa",-92.7680635,42.3566521,,,,,,,,,,,,,,,,,,TRUE,,FALSE,garden_present,38.71,poor_siding,36.3,poor/no_gutter,69.72,good_roof,54.34,G_G_1202 4TH ST_
803 FROST ST,Grundy Center,Iowa,G,G,G_D_803 FROST ST.png,"https://maps.googleapis.com/maps/api/streetview?size=800x800&location=803+FROST+ST,Grundy+Center+Iowa",-92.7675774,42.3601404,,,,,,,,,,,,,,,,,,FALSE,house_present,FALSE,,0,,0,,0,,0,
1104 4TH ST,Grundy Center,Iowa,G,G,G_D_1104 4TH ST.png,"https://maps.googleapis.com/maps/api/streetview?size=800x800&location=1104+4TH+ST,Grundy+Center+Iowa",-92.7680635,42.3571131,,,,,,,,,,,,,,,,,,TRUE,,FALSE,garden_present,45.37,poor_siding,39.56,good_gutter,62.66,good_roof,54.36,G_G_1104 4TH ST_
212 J AVE,Grundy Center,Iowa,G,G,G_D_212 J AVE.png,"https://maps.googleapis.com/maps/api/streetview?size=800x800&location=212+J+AVE,Grundy+Center+Iowa",-92.7658791,42.3584469,,,,,,,,,,,,,,,,,,FALSE,house_present,FALSE,,0,,0,,0,,0,
202 K AVE,Grundy Center,Iowa,G,G,G_D_202 K AVE.png,"https://maps.googleapis.com/maps/api/streetview?size=800x800&location=202+K+AVE,Grundy+Center+Iowa",-92.7649525,42.3574953,,,,,,,,,,,,,,,,,,TRUE,,FALSE,garden_present,44.36,poor_siding,36.22,poor/no_gutter,59.45,good_roof,54.88,G_G_202 K AVE_
313 H AVE,Grundy Center,Iowa,G,G,G_D_313 H AVE.png,"https://maps.googleapis.com/maps/api/streetview?size=800x800&location=313+H+AVE,Grundy+Center+Iowa",-92.7677719,42.3607119,,,,,,,,,,,,,,,,,,TRUE,,FALSE,no_garden,39.15,poor_siding,35.24,poor/no_gutter,55.19,good_roof,61.13,G_G_313 H AVE_
502 BUTLER AVE,Grundy Center,Iowa,G,G,G_D_502 BUTLER AVE.png,"https://maps.googleapis.com/maps/api/streetview?size=800x800&location=502+BUTLER+AVE,Grundy+Center+Iowa",-92.7702608,42.3548512,,,,,,,,,,,,,,,,,,TRUE,,TRUE,garden_present,40.06,chipped_paint,35.27,good_gutter,69.15,good_roof,54.88,G_G_502 BUTLER AVE_
320 H AVE,Grundy Center,Iowa,G,G,G_D_320 H AVE.png,"https://maps.googleapis.com/maps/api/streetview?size=800x800&location=320+H+AVE,Grundy+Center+Iowa",-92.7684233,42.3603217,,,,,,,,,,,,,,,,,,TRUE,,FALSE,garden_present,40.61,poor_siding,35.79,good_gutter,62.51,good_roof,52.97,G_G_320 H AVE_
404 G AVE,Grundy Center,Iowa,G,G,G_D_404 G AVE.png,"https://maps.googleapis.com/maps/api/streetview?size=800x800&location=404+G+AVE,Grundy+Center+Iowa",-92.7689075,42.3611841,,,,,,,,,,,,,,,,,,TRUE,,FALSE,garden_present,47.09,poor_siding,37.78,good_gutter,68.79,good_roof,57.25,G_G_404 G AVE_
206 G AVE,Grundy Center,Iowa,G,G,G_D_206 G AVE.png,"https://maps.googleapis.com/maps/api/streetview?size=800x800&location=206+G+AVE,Grundy+Center+Iowa",-92.761392,42.361141,,,,,,,,,,,,,,,,,,TRUE,,FALSE,garden_present,41.59,poor_siding,36.01,good_gutter,64.43,good_roof,53.07,G_G_206 G AVE_
702 E 1ST ST,Grundy Center,Iowa,G,G,G_D_702 E 1ST ST.png,"https://maps.googleapis.com/maps/api/streetview?size=800x800&location=702+E+1ST+ST,Grundy+Center+Iowa",-92.7606946,42.3612661,,,,,,,,,,,,,,,,,,TRUE,,FALSE,garden_present,43.93,poor_siding,37.1,poor/no_gutter,53.64,good_roof,54.89,G_G_702 E 1ST ST_
305 H AVE,Grundy Center,Iowa,G,G,G_D_305 H AVE.png,"https://maps.googleapis.com/maps/api/streetview?size=800x800&location=305+H+AVE,Grundy+Center+Iowa",-92.7599947,42.3608604,,,,,,,,,,,,,,,,,,TRUE,,TRUE,garden_present,39.32,poor_siding,37.21,good_gutter,59.12,good_roof,56.51,W_G_305 H AVE_
705 4TH ST,Grundy Center,Iowa,G,G,G_D_705 4TH ST.png,"https://maps.googleapis.com/maps/api/streetview?size=800x800&location=705+4TH+ST,Grundy+Center+Iowa",-92.7689386,42.3608759,,,,,,,,,,,,,,,,,,TRUE,,FALSE,no_garden,38.55,chipped_paint,35.33,good_gutter,68.31,bad_roof,62.67,G_G_705 4TH ST_
409 J AVE,Grundy Center,Iowa,G,G,G_D_409 J AVE.png,"https://maps.googleapis.com/maps/api/streetview?size=800x800&location=409+J+AVE,Grundy+Center+Iowa",-92.7697747,42.358839,,,,,,,,,,,,,,,,,,FALSE,house_present,FALSE,,0,,0,,0,,0,
104 K AVE,Grundy Center,Iowa,G,G,G_D_104 K AVE.png,"https://maps.googleapis.com/maps/api/streetview?size=800x800&location=104+K+AVE,Grundy+Center+Iowa",-92.7641553,42.357572,,,,,,,,,,,,,,,,,,TRUE,,FALSE,garden_present,39.6,chipped_paint,35.4,good_gutter,68.63,good_roof,53.44,G_G_104 K AVE_
1304 4TH ST,Grundy Center,Iowa,G,G,G_D_1304 4TH ST.png,"https://maps.googleapis.com/maps/api/streetview?size=800x800&location=1304+4TH+ST,Grundy+Center+Iowa",-92.76791,42.355643,,,,,,,,,,,,,,,,,,TRUE,,FALSE,garden_present,44.67,poor_siding,38.7,good_gutter,63.81,good_roof,58.19,G_G_1304 4TH ST_
404 I AVE,Grundy Center,Iowa,G,G,G_D_404 I AVE.png,"https://maps.googleapis.com/maps/api/streetview?size=800x800&location=404+I+AVE,Grundy+Center+Iowa",-92.769133,42.359373,,,,,,,,,,,,,,,,,,FALSE,house_present,FALSE,,0,,0,,0,,0,
307 E I AVE,Grundy Center,Iowa,G,G,G_D_307 E I AVE.png,"https://maps.googleapis.com/maps/api/streetview?size=800x800&location=307+E+I+AVE,Grundy+Center+Iowa",-92.7780334,42.3687752,,,,,,,,,,,,,,,,,,FALSE,house_present,FALSE,,0,,0,,0,,0,
901 FROST ST,Grundy Center,Iowa,G,G,G_D_901 FROST ST.png,"https://maps.googleapis.com/maps/api/streetview?size=800x800&location=901+FROST+ST,Grundy+Center+Iowa",-92.7675969,42.3593524,,,,,,,,,,,,,,,,,,TRUE,,TRUE,no_garden,40,good_siding,35.32,poor/no_gutter,66.26,bad_roof,55.07,W_G_901 FROST ST_
304 H AVE,Grundy Center,Iowa,G,G,G_D_304 H AVE.png,"https://maps.googleapis.com/maps/api/streetview?size=800x800&location=304+H+AVE,Grundy+Center+Iowa",-92.7663965,42.3603205,,,,,,,,,,,,,,,,,,FALSE,house_present,FALSE,,0,,0,,0,,0,
704 2 ST,Grundy Center,Iowa,G,G,G_D_704 2 ST.png,"https://maps.googleapis.com/maps/api/streetview?size=800x800&location=704+2+ST,Grundy+Center+Iowa",-92.7644275,42.361138,,,,,,,,,,,,,,,,,,TRUE,,FALSE,garden_present,46.92,poor_siding,37.52,good_gutter,53.08,good_roof,54.92,G_G_704 2 ST_
703 FROST ST,Grundy Center,Iowa,G,G,G_D_703 FROST ST.png,"https://maps.googleapis.com/maps/api/streetview?size=800x800&location=703+FROST+ST,Grundy+Center+Iowa",-92.7676552,42.3610604,,,,,,,,,,,,,,,,,,FALSE,house_present,FALSE,,0,,0,,0,,0,
106 E G AVE,Grundy Center,Iowa,G,G,G_D_106 E G AVE.png,"https://maps.googleapis.com/maps/api/streetview?size=800x800&location=106+E+G+AVE,Grundy+Center+Iowa",-92.7780334,42.3687752,,,,,,,,,,,,,,,,,,TRUE,,FALSE,no_garden,38.6,poor_siding,35.79,good_gutter,68,good_roof,51.05,G_G_106 E G AVE_
706 4TH ST,Grundy Center,Iowa,G,G,G_D_706 4TH ST.png,"https://maps.googleapis.com/maps/api/streetview?size=800x800&location=706+4TH+ST,Grundy+Center+Iowa",-92.7683941,42.3608506,,,,,,,,,,,,,,,,,,TRUE,,FALSE,garden_present,43.15,poor_siding,38.31,good_gutter,56.86,bad_roof,52.97,G_G_706 4TH ST_
903 3 ST,Grundy Center,Iowa,G,G,G_D_903 3 ST.png,"https://maps.googleapis.com/maps/api/streetview?size=800x800&location=903+3+ST,Grundy+Center+Iowa",-92.7670043,42.3590989,,,,,,,,,,,,,,,,,,TRUE,,FALSE,garden_present,40.79,poor_siding,36.5,good_gutter,68.52,good_roof,53.04,G_G_903 3 ST_
407 K AVE,Grundy Center,Iowa,G,G,G_D_407 K AVE.png,"https://maps.googleapis.com/maps/api/streetview?size=800x800&location=407+K+AVE,Grundy+Center+Iowa",-92.769133,42.3578749,,,,,,,,,,,,,,,,,,FALSE,house_present,FALSE,,0,,0,,0,,0,
406 H AVE,Grundy Center,Iowa,G,G,G_D_406 H AVE.png,"https://maps.googleapis.com/maps/api/streetview?size=800x800&location=406+H+AVE,Grundy+Center+Iowa",-92.7694052,42.3602884,,,,,,,,,,,,,,,,,,TRUE,,FALSE,no_garden,43.1,poor_siding,34.83,good_gutter,67.32,bad_roof,51.74,G_G_406 H AVE_
410 H AVE,Grundy Center,Iowa,G,G,G_D_410 H AVE.png,"https://maps.googleapis.com/maps/api/streetview?size=800x800&location=410+H+AVE,Grundy+Center+Iowa",-92.7697747,42.3602987,,,,,,,,,,,,,,,,,,FALSE,house_present,FALSE,,0,,0,,0,,0,
308 H AVE,Grundy Center,Iowa,G,G,G_D_308 H AVE.png,"https://maps.googleapis.com/maps/api/streetview?size=800x800&location=308+H+AVE,Grundy+Center+Iowa",-92.7669165,42.3603658,,,,,,,,,,,,,,,,,,TRUE,,TRUE,garden_present,39.3,poor_siding,35.67,good_gutter,54.77,bad_roof,51.02,G_G_308 H AVE_
204 K AVE APT 5,Grundy Center,Iowa,G,G,G_D_204 K AVE APT 5.png,"https://maps.googleapis.com/maps/api/streetview?size=800x800&location=204+K+AVE+APT+5,Grundy+Center+Iowa",-92.7651528,42.3571036,,,,,,,,,,,,,,,,,,TRUE,,FALSE,garden_present,45.81,poor_siding,38.28,poor/no_gutter,59.93,bad_roof,52.14,G_G_204 K AVE APT 5_
202 I AVE,Grundy Center,Iowa,G,G,G_D_202 I AVE.png,"https://maps.googleapis.com/maps/api/streetview?size=800x800&location=202+I+AVE,Grundy+Center+Iowa",-92.7648553,42.3593991,,,,,,,,,,,,,,,,,,TRUE,,FALSE,garden_present,42.97,chipped_paint,35.68,good_gutter,67.59,bad_roof,50.37,G_G_202 I AVE_
2094 JAMESTOWN AVE,Independence,Iowa,G,D,G_I_2094 JAMESTOWN AVE.png,"https://maps.googleapis.com/maps/api/streetview?size=800x800&location=2094+JAMESTOWN+AVE,Independence+Iowa",-91.8891103,42.4837691,,,,,,,,,,,,,,,,,,TRUE,,FALSE,garden_present,50.92,poor_siding,36.36,poor/no_gutter,65.87,good_roof,53.69,G_D_2094 JAMESTOWN AVE_
1403 6TH AVE NE,Independence,Iowa,G,D,G_I_1403 6TH AVE NE.png,"https://maps.googleapis.com/maps/api/streetview?size=800x800&location=1403+6TH+AVE+NE,Independence+Iowa",-91.8881948,42.4839375,,,,,,,,,,,,,,,,,,TRUE,,FALSE,garden_present,47.96,poor_siding,36.68,good_gutter,66.3,good_roof,54.02,G_D_1403 6TH AVE NE_
1500 NORTH RIDGE CT NE,Independence,Iowa,G,D,G_I_1500 NORTH RIDGE CT NE.png,"https://maps.googleapis.com/maps/api/streetview?size=800x800&location=1500+NORTH+RIDGE+CT+NE,Independence+Iowa",-91.8886907,42.483891,,,,,,,,,,,,,,,,,,TRUE,,FALSE,garden_present,47.32,poor_siding,35,good_gutter,67.22,good_roof,54.11,G_D_1500 NORTH RIDGE CT NE_
1402 6TH AVE NE,Independence,Iowa,G,D,G_I_1402 6TH AVE NE.png,"https://maps.googleapis.com/maps/api/streetview?size=800x800&location=1402+6TH+AVE+NE,Independence+Iowa",-91.887451,42.4839306,,,,,,,,,,,,,,,,,,TRUE,,FALSE,garden_present,41.25,poor_siding,35.35,good_gutter,70.3,good_roof,53.72,G_D_1402 6TH AVE NE_
1501 NORTH RIDGE CT NE,Independence,Iowa,G,D,G_I_1501 NORTH RIDGE CT NE.png,"https://maps.googleapis.com/maps/api/streetview?size=800x800&location=1501+NORTH+RIDGE+CT+NE,Independence+Iowa",-91.889034,42.4841921,,,,,,,,,,,,,,,,,,TRUE,,FALSE,garden_present,42.89,poor_siding,35.69,good_gutter,69.7,good_roof,54.25,G_D_1501 NORTH RIDGE CT NE_
1500 6TH AVE NE,Independence,Iowa,G,D,G_I_1500 6TH AVE NE.png,"https://maps.googleapis.com/maps/api/streetview?size=800x800&location=1500+6TH+AVE+NE,Independence+Iowa",-91.8874319,42.4841801,,,,,,,,,,,,,,,,,,TRUE,,FALSE,garden_present,41.84,good_siding,37.04,good_gutter,63.66,good_roof,56.13,G_D_1500 6TH AVE NE_
1502 NORTH RIDGE CT NE,Independence,Iowa,G,D,G_I_1502 NORTH RIDGE CT NE.png,"https://maps.googleapis.com/maps/api/streetview?size=800x800&location=1502+NORTH+RIDGE+CT+NE,Independence+Iowa",-91.8883665,42.4842222,,,,,,,,,,,,,,,,,,TRUE,,FALSE,garden_present,42.77,poor_siding,35.88,good_gutter,67.69,good_roof,56.75,G_D_1502 NORTH RIDGE CT NE_
1503 NORTH RIDGE CT NE,Independence,Iowa,G,D,G_I_1503 NORTH RIDGE CT NE.png,"https://maps.googleapis.com/maps/api/streetview?size=800x800&location=1503+NORTH+RIDGE+CT+NE,Independence+Iowa",-91.889034,42.4844221,,,,,,,,,,,,,,,,,,TRUE,,FALSE,garden_present,42.67,chipped_paint,35.39,good_gutter,65.51,good_roof,51.38,G_D_1503 NORTH RIDGE CT NE_
502 14TH ST NE,Independence,Iowa,G,D,G_I_502 14TH ST NE.png,"https://maps.googleapis.com/maps/api/streetview?size=800x800&location=502+14TH+ST+NE,Independence+Iowa",-91.8886526,42.4835849,,,,,,,,,,,,,,,,,,TRUE,,FALSE,garden_present,38.32,chipped_paint,36.4,good_gutter,66.28,bad_roof,51.72,G_D_502 14TH ST NE_
504 14TH ST NE,Independence,Iowa,G,D,G_I_504 14TH ST NE.png,"https://maps.googleapis.com/maps/api/streetview?size=800x800&location=504+14TH+ST+NE,Independence+Iowa",-91.8883093,42.4836289,,,,,,,,,,,,,,,,,,TRUE,,FALSE,garden_present,45.11,poor_siding,36.29,good_gutter,68.59,good_roof,51.2,G_D_504 14TH ST NE_
600 14TH ST NE,Independence,Iowa,G,D,G_I_600 14TH ST NE.png,"https://maps.googleapis.com/maps/api/streetview?size=800x800&location=600+14TH+ST+NE,Independence+Iowa",-91.8876036,42.4836213,,,,,,,,,,,,,,,,,,TRUE,,FALSE,garden_present,45.7,poor_siding,37.41,good_gutter,66.04,good_roof,55.14,G_D_600 14TH ST NE_
602 14TH ST NE,Independence,Iowa,G,D,G_I_602 14TH ST NE.png,"https://maps.googleapis.com/maps/api/streetview?size=800x800&location=602+14TH+ST+NE,Independence+Iowa",-91.8872031,42.4836087,,,,,,,,,,,,,,,,,,TRUE,,FALSE,no_garden,38.72,poor_siding,35.37,good_gutter,70.48,good_roof,51.1,G_D_602 14TH ST NE_
1501 6TH AVE NE,Independence,Iowa,G,D,G_I_1501 6TH AVE NE.png,"https://maps.googleapis.com/maps/api/streetview?size=800x800&location=1501+6TH+AVE+NE,Independence+Iowa",-91.8880423,42.4842084,,,,,,,,,,,,,,,,,,TRUE,,FALSE,garden_present,44.23,poor_siding,35.66,good_gutter,68.44,good_roof,52.67,G_D_1501 6TH AVE NE_
1502 6TH AVE NE,Independence,Iowa,G,D,G_I_1502 6TH AVE NE.png,"https://maps.googleapis.com/maps/api/streetview?size=800x800&location=1502+6TH+AVE+NE,Independence+Iowa",-91.887451,42.4844673,,,,,,,,,,,,,,,,,,TRUE,,FALSE,garden_present,43.78,poor_siding,36.34,good_gutter,67.86,good_roof,56.93,G_D_1502 6TH AVE NE_
1504 NORTH RIDGE CT NE,Independence,Iowa,G,D,G_I_1504 NORTH RIDGE CT NE.png,"https://maps.googleapis.com/maps/api/streetview?size=800x800&location=1504+NORTH+RIDGE+CT+NE,Independence+Iowa",-91.8884619,42.4845849,,,,,,,,,,,,,,,,,,TRUE,,FALSE,garden_present,40.44,poor_siding,36.4,good_gutter,68.09,bad_roof,50.35,G_D_1504 NORTH RIDGE CT NE_
1503 6TH AVE NE,Independence,Iowa,G,D,G_I_1503 6TH AVE NE.png,"https://maps.googleapis.com/maps/api/streetview?size=800x800&location=1503+6TH+AVE+NE,Independence+Iowa",-91.887985,42.4846119,,,,,,,,,,,,,,,,,,TRUE,,FALSE,garden_present,42.74,poor_siding,36.15,good_gutter,70.3,good_roof,56.5,G_D_1503 6TH AVE NE_
1504 6TH AVE NE,Independence,Iowa,G,D,G_I_1504 6TH AVE NE.png,"https://maps.googleapis.com/maps/api/streetview?size=800x800&location=1504+6TH+AVE+NE,Independence+Iowa",-91.8873747,42.4846986,,,,,,,,,,,,,,,,,,TRUE,,FALSE,garden_present,43.38,poor_siding,36.05,good_gutter,66.1,good_roof,57.44,G_D_1504 6TH AVE NE_
1501 NORTH RIDGE CT NE,Independence,Iowa,G,D,G_I_1501 NORTH RIDGE CT NE.png,"https://maps.googleapis.com/maps/api/streetview?size=800x800&location=1501+NORTH+RIDGE+CT+NE,Independence+Iowa",-91.889034,42.4841921,,,,,,,,,,,,,,,,,,TRUE,,FALSE,garden_present,42.89,poor_siding,35.69,good_gutter,69.7,good_roof,54.25,G_D_1501 NORTH RIDGE CT NE_
1506 NORTH RIDGE CT NE,Independence,Iowa,G,D,G_I_1506 NORTH RIDGE CT NE.png,"https://maps.googleapis.com/maps/api/streetview?size=800x800&location=1506+NORTH+RIDGE+CT+NE,Independence+Iowa",-91.8884619,42.4849299,,,,,,,,,,,,,,,,,,TRUE,,FALSE,garden_present,39.44,chipped_paint,35.7,good_gutter,69.95,good_roof,52.76,G_D_1506 NORTH RIDGE CT NE_
1505 6TH AVE NE,Independence,Iowa,G,D,G_I_1505 6TH AVE NE.png,"https://maps.googleapis.com/maps/api/streetview?size=800x800&location=1505+6TH+AVE+NE,Independence+Iowa",-91.8880613,42.4849173,,,,,,,,,,,,,,,,,,TRUE,,FALSE,garden_present,42.9,poor_siding,34.38,good_gutter,69.25,good_roof,51.94,G_D_1505 6TH AVE NE_
1506 6TH AVE NE,Independence,Iowa,G,D,G_I_1506 6TH AVE NE.png,"https://maps.googleapis.com/maps/api/streetview?size=800x800&location=1506+6TH+AVE+NE,Independence+Iowa",-91.8873938,42.4849858,,,,,,,,,,,,,,,,,,TRUE,,FALSE,garden_present,47.92,poor_siding,37.55,good_gutter,58,good_roof,56.67,G_D_1506 6TH AVE NE_
1803 8TH AVE NE,Independence,Iowa,G,D,G_I_1803 8TH AVE NE.png,"https://maps.googleapis.com/maps/api/streetview?size=800x800&location=1803+8TH+AVE+NE,Independence+Iowa",-91.884922,42.487719,,,,,,,,,,,,,,,,,,TRUE,,FALSE,garden_present,41.09,poor_siding,35.57,good_gutter,69.08,good_roof,51.89,G_D_1803 8TH AVE NE_
2089 KENTUCKY AVE,Independence,Iowa,G,D,G_I_2089 KENTUCKY AVE.png,"https://maps.googleapis.com/maps/api/streetview?size=800x800&location=2089+KENTUCKY+AVE,Independence+Iowa",-91.885827,42.484452,,,,,,,,,,,,,,,,,,TRUE,,FALSE,garden_present,41.27,poor_siding,36.58,good_gutter,69.99,good_roof,52.65,G_D_2089 KENTUCKY AVE_
1508 6TH AVE NE,Independence,Iowa,G,D,G_I_1508 6TH AVE NE.png,"https://maps.googleapis.com/maps/api/streetview?size=800x800&location=1508+6TH+AVE+NE,Independence+Iowa",-91.8874319,42.4852535,,,,,,,,,,,,,,,,,,TRUE,,FALSE,garden_present,46.17,poor_siding,35.19,good_gutter,66.32,good_roof,55.42,G_D_1508 6TH AVE NE_
502 16TH ST NE,Independence,Iowa,G,D,G_I_502 16TH ST NE.png,"https://maps.googleapis.com/maps/api/streetview?size=800x800&location=502+16TH+ST+NE,Independence+Iowa",-91.8887289,42.4854623,,,,,,,,,,,,,,,,,,TRUE,,FALSE,garden_present,44.68,poor_siding,37.08,good_gutter,67.91,good_roof,53.69,G_D_502 16TH ST NE_
504 16TH ST NE,Independence,Iowa,G,D,G_I_504 16TH ST NE.png,"https://maps.googleapis.com/maps/api/streetview?size=800x800&location=504+16TH+ST+NE,Independence+Iowa",-91.8883474,42.4854302,,,,,,,,,,,,,,,,,,TRUE,,FALSE,garden_present,48.19,poor_siding,35.83,good_gutter,65.82,good_roof,50.38,G_D_504 16TH ST NE_
506 16TH ST NE,Independence,Iowa,G,D,G_I_506 16TH ST NE.png,"https://maps.googleapis.com/maps/api/streetview?size=800x800&location=506+16TH+ST+NE,Independence+Iowa",-91.8880804,42.4854346,,,,,,,,,,,,,,,,,,TRUE,,FALSE,garden_present,39.07,poor_siding,35.37,good_gutter,70.72,good_roof,55.38,G_D_506 16TH ST NE_
1510 6TH AVE NE,Independence,Iowa,G,D,G_I_1510 6TH AVE NE.png,"https://maps.googleapis.com/maps/api/streetview?size=800x800&location=1510+6TH+AVE+NE,Independence+Iowa",-91.8876799,42.4854603,,,,,,,,,,,,,,,,,,TRUE,,FALSE,garden_present,40.08,poor_siding,35.95,good_gutter,71.36,good_roof,57.16,G_D_1510 6TH AVE NE_
2082 JAMESTOWN AVE,Independence,Iowa,G,D,G_I_2082 JAMESTOWN AVE.png,"https://maps.googleapis.com/maps/api/streetview?size=800x800&location=2082+JAMESTOWN+AVE,Independence+Iowa",-91.888876,42.485893,,,,,,,,,,,,,,,,,,TRUE,,FALSE,garden_present,45.35,poor_siding,36.02,good_gutter,66.15,good_roof,52.59,G_D_2082 JAMESTOWN AVE_
2083 KENTUCKY AVE,Independence,Iowa,G,D,G_I_2083 KENTUCKY AVE.png,"https://maps.googleapis.com/maps/api/streetview?size=800x800&location=2083+KENTUCKY+AVE,Independence+Iowa",-91.8851433,42.4859811,,,,,,,,,,,,,,,,,,TRUE,,FALSE,garden_present,44.2,poor_siding,36.74,good_gutter,71.34,good_roof,60.97,G_D_2083 KENTUCKY AVE_
2081 KENTUCKY AVE,Independence,Iowa,G,D,G_I_2081 KENTUCKY AVE.png,"https://maps.googleapis.com/maps/api/streetview?size=800x800&location=2081+KENTUCKY+AVE,Independence+Iowa",-91.8866691,42.4862628,,,,,,,,,,,,,,,,,,TRUE,,FALSE,garden_present,43.04,poor_siding,36.91,good_gutter,67.07,good_roof,50.62,G_D_2081 KENTUCKY AVE_
2079 KENTUCKY AVE,Independence,Iowa,G,D,G_I_2079 KENTUCKY AVE.png,"https://maps.googleapis.com/maps/api/streetview?size=800x800&location=2079+KENTUCKY+AVE,Independence+Iowa",-91.8862304,42.4867109,,,,,,,,,,,,,,,,,,TRUE,,FALSE,garden_present,38.75,poor_siding,35.64,good_gutter,71.11,good_roof,54.41,G_D_2079 KENTUCKY AVE_
2077 KENTUCKY AVE,Independence,Iowa,G,D,G_I_2077 KENTUCKY AVE.png,"https://maps.googleapis.com/maps/api/streetview?size=800x800&location=2077+KENTUCKY+AVE,Independence+Iowa",-91.8856392,42.4869698,,,,,,,,,,,,,,,,,,TRUE,,FALSE,garden_present,40.86,poor_siding,38.12,poor/no_gutter,51.65,bad_roof,58.79,G_D_2077 KENTUCKY AVE_
1801 8TH AVE NE,Independence,Iowa,G,D,G_I_1801 8TH AVE NE.png,"https://maps.googleapis.com/maps/api/streetview?size=800x800&location=1801+8TH+AVE+NE,Independence+Iowa",-91.8848763,42.4874806,,,,,,,,,,,,,,,,,,TRUE,,FALSE,garden_present,43.87,chipped_paint,35.68,good_gutter,63.27,bad_roof,53.53,G_D_1801 8TH AVE NE_
2070 JAMESTOWN AVE,Independence,Iowa,G,D,G_I_2070 JAMESTOWN AVE.png,"https://maps.googleapis.com/maps/api/streetview?size=800x800&location=2070+JAMESTOWN+AVE,Independence+Iowa",-91.8889005,42.4875104,,,,,,,,,,,,,,,,,,TRUE,,FALSE,garden_present,46.01,chipped_paint,35.84,good_gutter,64.27,good_roof,53.75,G_D_2070 JAMESTOWN AVE_
2068 JAMESTOWN AVE,Independence,Iowa,G,D,G_I_2068 JAMESTOWN AVE.png,"https://maps.googleapis.com/maps/api/streetview?size=800x800&location=2068+JAMESTOWN+AVE,Independence+Iowa",-91.8880423,42.4876587,,,,,,,,,,,,,,,,,,TRUE,,FALSE,garden_present,40.17,poor_siding,36.35,good_gutter,69.52,good_roof,53.8,G_D_2068 JAMESTOWN AVE_
1998 206TH ST,Independence,Iowa,G,D,G_I_1998 206TH ST.png,"https://maps.googleapis.com/maps/api/streetview?size=800x800&location=1998+206TH+ST,Independence+Iowa",-91.8855629,42.4878911,,,,,,,,,,,,,,,,,,FALSE,house_present,FALSE,,0,,0,,0,,0,
2066 JAMESTOWN AVE,Independence,Iowa,G,D,G_I_2066 JAMESTOWN AVE.png,"https://maps.googleapis.com/maps/api/streetview?size=800x800&location=2066+JAMESTOWN+AVE,Independence+Iowa",-91.8873938,42.4877077,,,,,,,,,,,,,,,,,,TRUE,,FALSE,garden_present,39.12,poor_siding,37.41,poor/no_gutter,52.89,bad_roof,59.18,G_D_2066 JAMESTOWN AVE_
1805 8TH AVE NE,Independence,Iowa,G,D,G_I_1805 8TH AVE NE.png,"https://maps.googleapis.com/maps/api/streetview?size=800x800&location=1805+8TH+AVE+NE,Independence+Iowa",-91.884921,42.488009,,,,,,,,,,,,,,,,,,TRUE,,FALSE,garden_present,40.04,poor_siding,34.71,good_gutter,66.95,good_roof,50.6,G_D_1805 8TH AVE NE_
2064 JAMESTOWN AVE,Independence,Iowa,G,D,G_I_2064 JAMESTOWN AVE.png,"https://maps.googleapis.com/maps/api/streetview?size=800x800&location=2064+JAMESTOWN+AVE,Independence+Iowa",-91.8889005,42.4881238,,,,,,,,,,,,,,,,,,TRUE,,FALSE,garden_present,44.46,poor_siding,36.03,good_gutter,64.1,good_roof,51.48,G_D_2064 JAMESTOWN AVE_
1980 206TH ST,Independence,Iowa,G,D,G_I_1980 206TH ST.png,"https://maps.googleapis.com/maps/api/streetview?size=800x800&location=1980+206TH+ST,Independence+Iowa",-91.8880423,42.4882721,,,,,,,,,,,,,,,,,,TRUE,,FALSE,garden_present,44.74,poor_siding,36.6,good_gutter,58.93,bad_roof,54.27,G_D_1980 206TH ST_
1986 206TH ST,Independence,Iowa,G,D,G_I_1986 206TH ST.png,"https://maps.googleapis.com/maps/api/streetview?size=800x800&location=1986+206TH+ST,Independence+Iowa",-91.8873747,42.4882255,,,,,,,,,,,,,,,,,,TRUE,,FALSE,garden_present,37.99,chipped_paint,35.68,good_gutter,70.81,good_roof,54.06,G_D_1986 206TH ST_
1901 8TH AVE NE,Independence,Iowa,G,D,G_I_1901 8TH AVE NE.png,"https://maps.googleapis.com/maps/api/streetview?size=800x800&location=1901+8TH+AVE+NE,Independence+Iowa",-91.884919,42.488298,,,,,,,,,,,,,,,,,,TRUE,,FALSE,garden_present,39.15,poor_siding,36.07,good_gutter,58.95,good_roof,51.09,G_D_1901 8TH AVE NE_
2080 JAMESTOWN AVE,Independence,Iowa,G,D,G_I_2080 JAMESTOWN AVE.png,"https://maps.googleapis.com/maps/api/streetview?size=800x800&location=2080+JAMESTOWN+AVE,Independence+Iowa",-91.8889196,42.4863025,,,,,,,,,,,,,,,,,,TRUE,,FALSE,garden_present,39.17,poor_siding,34.47,good_gutter,70.46,good_roof,58.08,G_D_2080 JAMESTOWN AVE_
2076 JAMESTOWN AVE,Independence,Iowa,G,D,G_I_2076 JAMESTOWN AVE.png,"https://maps.googleapis.com/maps/api/streetview?size=800x800&location=2076+JAMESTOWN+AVE,Independence+Iowa",-91.8890531,42.4867412,,,,,,,,,,,,,,,,,,TRUE,,FALSE,garden_present,44.74,poor_siding,39.4,poor/no_gutter,60.82,good_roof,54.21,G_D_2076 JAMESTOWN AVE_
2074 JAMESTOWN AVE,Independence,Iowa,G,D,G_I_2074 JAMESTOWN AVE.png,"https://maps.googleapis.com/maps/api/streetview?size=800x800&location=2074+JAMESTOWN+AVE,Independence+Iowa",-91.8885763,42.4871516,,,,,,,,,,,,,,,,,,TRUE,,FALSE,garden_present,42.28,poor_siding,38.07,poor/no_gutter,57.1,good_roof,56.55,G_D_2074 JAMESTOWN AVE_
1505 NORTH RIDGE CT NE,Independence,Iowa,G,D,G_I_1505 NORTH RIDGE CT NE.png,"https://maps.googleapis.com/maps/api/streetview?size=800x800&location=1505+NORTH+RIDGE+CT+NE,Independence+Iowa",-91.889034,42.4846905,,,,,,,,,,,,,,,,,,TRUE,,FALSE,garden_present,45.16,chipped_paint,36.09,good_gutter,64.4,good_roof,52.46,G_D_1505 NORTH RIDGE CT NE_
520 12TH ST NE,Independence,Iowa,G,D,G_I_520 12TH ST NE.png,"https://maps.googleapis.com/maps/api/streetview?size=800x800&location=520+12TH+ST+NE,Independence+Iowa",-91.8877371,42.479881,,,,,,,,,,,,,,,,,,FALSE,house_present,FALSE,,0,,0,,0,,0,
1200 6TH AVE NE,Independence,Iowa,G,D,G_I_1200 6TH AVE NE.png,"https://maps.googleapis.com/maps/api/streetview?size=800x800&location=1200+6TH+AVE+NE,Independence+Iowa",-91.8871459,42.4798715,,,,,,,,,,,,,,,,,,TRUE,,FALSE,garden_present,47.46,poor_siding,37.5,good_gutter,58.57,good_roof,60.43,G_D_1200 6TH AVE NE_
714 12TH ST NE,Independence,Iowa,G,D,G_I_714 12TH ST NE.png,"https://maps.googleapis.com/maps/api/streetview?size=800x800&location=714+12TH+ST+NE,Independence+Iowa",-91.8854675,42.4798991,,,,,,,,,,,,,,,,,,TRUE,,FALSE,no_garden,44.83,chipped_paint,34.27,good_gutter,66.2,bad_roof,54.98,G_D_714 12TH ST NE_
116 N CHESTNUT ST,New Hampton,Iowa,G,H,G_H_116 N CHESTNUT ST.png,"https://maps.googleapis.com/maps/api/streetview?size=800x800&location=116+N+CHESTNUT+ST,New+Hampton+Iowa",-92.3157304,43.0607341,,,,,,,,,,,,,,,,,,,,,,,,,,,,,
12 E COURT ST,New Hampton,Iowa,G,H,G_H_12 E COURT ST.png,"https://maps.googleapis.com/maps/api/streetview?size=800x800&location=12+E+COURT+ST,New+Hampton+Iowa",-92.3143633,43.0613113,,,,,,,,,,,,,,,,,,,,,,,,,,,,,
311 W MAIN ST,New Hampton,Iowa,G,H,G_H_311 W MAIN ST.png,"https://maps.googleapis.com/maps/api/streetview?size=800x800&location=311+W+MAIN+ST,New+Hampton+Iowa",-92.3199668,43.0594356,,,,,,,,,,,,,,,,,,FALSE,house_present,FALSE,,0,,0,,0,,0,
102 E MAIN ST,New Hampton,Iowa,G,H,G_H_102 E MAIN ST.png,"https://maps.googleapis.com/maps/api/streetview?size=800x800&location=102+E+MAIN+ST,New+Hampton+Iowa",-92.3139397,43.0595004,,,,,,,,,,,,,,,,,,TRUE,,FALSE,garden_present,38.42,chipped_paint,35.95,poor/no_gutter,52.65,good_roof,56.56,G_H_102 E MAIN ST_
508 N LINN AVE,New Hampton,Iowa,G,H,G_H_508 N LINN AVE.png,"https://maps.googleapis.com/maps/api/streetview?size=800x800&location=508+N+LINN+AVE,New+Hampton+Iowa",-92.3180989,43.0641924,,,,,,,,,,,,,,,,,,FALSE,house_present,FALSE,,0,,0,,0,,0,
9 W GARDNER ST,New Hampton,Iowa,G,H,G_H_9 W GARDNER ST.png,"https://maps.googleapis.com/maps/api/streetview?size=800x800&location=9+W+GARDNER+ST,New+Hampton+Iowa",-92.3158652,43.0649955,,,,,,,,,,,,,,,,,,,,,,,,,,,,,
7 W COURT ST,New Hampton,Iowa,G,H,G_H_7 W COURT ST.png,"https://maps.googleapis.com/maps/api/streetview?size=800x800&location=7+W+COURT+ST,New+Hampton+Iowa",-92.3158845,43.0613375,,,,,,,,,,,,,,,,,,,,,,,,,,,,,
213 N WALNUT AVE,New Hampton,Iowa,G,H,G_H_213 N WALNUT AVE.png,"https://maps.googleapis.com/maps/api/streetview?size=800x800&location=213+N+WALNUT+AVE,New+Hampton+Iowa",-92.3162888,43.061841,,,,,,,,,,,,,,,,,,,,,,,,,,,,,
22 N LINN AVE,New Hampton,Iowa,G,H,G_H_22 N LINN AVE.png,"https://maps.googleapis.com/maps/api/streetview?size=800x800&location=22+N+LINN+AVE,New+Hampton+Iowa",-92.318209,43.059937,,,,,,,,,,,,,,,,,,FALSE,house_present,FALSE,,0,,0,,0,,0,
316 N WALNUT AVE,New Hampton,Iowa,G,H,G_H_316 N WALNUT AVE.png,"https://maps.googleapis.com/maps/api/streetview?size=800x800&location=316+N+WALNUT+AVE,New+Hampton+Iowa",-92.316905,43.0627383,,,,,,,,,,,,,,,,,,,,,,,,,,,,,
14 E WASHINGTON ST,New Hampton,Iowa,G,H,G_H_14 E WASHINGTON ST.png,"https://maps.googleapis.com/maps/api/streetview?size=800x800&location=14+E+WASHINGTON+ST,New+Hampton+Iowa",-92.3144403,43.063167,,,,,,,,,,,,,,,,,,,,,,,,,,,,,
311 N LOCUST AVE,New Hampton,Iowa,G,H,G_H_311 N LOCUST AVE.png,"https://maps.googleapis.com/maps/api/streetview?size=800x800&location=311+N+LOCUST+AVE,New+Hampton+Iowa",-92.3136316,43.0626148,,,,,,,,,,,,,,,,,,TRUE,,FALSE,garden_present,43.41,poor_siding,38.03,good_gutter,55,good_roof,55.74,G_H_311 N LOCUST AVE_
101 N LOCUST AVE,New Hampton,Iowa,G,H,G_H_101 N LOCUST AVE.png,"https://maps.googleapis.com/maps/api/streetview?size=800x800&location=101+N+LOCUST+AVE,New+Hampton+Iowa",-92.3137664,43.0604326,,,,,,,,,,,,,,,,,,FALSE,house_present,FALSE,,0,,0,,0,,0,
615 N LINN AVE,New Hampton,Iowa,G,H,G_H_615 N LINN AVE.png,"https://maps.googleapis.com/maps/api/streetview?size=800x800&location=615+N+LINN+AVE,New+Hampton+Iowa",-92.3172709,43.065403,,,,,,,,,,,,,,,,,,FALSE,house_present,FALSE,,0,,0,,0,,0,
206 N FOLEY AVE,New Hampton,Iowa,G,H,G_H_206 N FOLEY AVE.png,"https://maps.googleapis.com/maps/api/streetview?size=800x800&location=206+N+FOLEY+AVE,New+Hampton+Iowa",-92.3113981,43.0615226,,,,,,,,,,,,,,,,,,,,,,,,,,,,,
214 E WASHINGTON ST,New Hampton,Iowa,G,H,G_H_214 E WASHINGTON ST.png,"https://maps.googleapis.com/maps/api/streetview?size=800x800&location=214+E+WASHINGTON+ST,New+Hampton+Iowa",-92.3118987,43.0631803,,,,,,,,,,,,,,,,,,,,,,,,,,,,,
206 N LINN AVE,New Hampton,Iowa,G,H,G_H_206 N LINN AVE.png,"https://maps.googleapis.com/maps/api/streetview?size=800x800&location=206+N+LINN+AVE,New+Hampton+Iowa",-92.3180989,43.0614254,,,,,,,,,,,,,,,,,,FALSE,house_present,FALSE,,0,,0,,0,,0,
102 N LINN AVE,New Hampton,Iowa,G,H,G_H_102 N LINN AVE.png,"https://maps.googleapis.com/maps/api/streetview?size=800x800&location=102+N+LINN+AVE,New+Hampton+Iowa",-92.3181952,43.0603811,,,,,,,,,,,,,,,,,,FALSE,house_present,FALSE,,0,,0,,0,,0,
313 E MILWAUKEE ST,New Hampton,Iowa,G,H,G_H_313 E MILWAUKEE ST.png,"https://maps.googleapis.com/maps/api/streetview?size=800x800&location=313+E+MILWAUKEE+ST,New+Hampton+Iowa",-92.3103584,43.0664709,,,,,,,,,,,,,,,,,,,,,,,,,,,,,
4 E HALE ST,New Hampton,Iowa,G,H,G_H_4 E HALE ST.png,"https://maps.googleapis.com/maps/api/streetview?size=800x800&location=4+E+HALE+ST,New+Hampton+Iowa",-92.3150372,43.0622643,,,,,,,,,,,,,,,,,,,,,,,,,,,,,
104 E MAIN ST,New Hampton,Iowa,G,H,G_H_104 E MAIN ST.png,"https://maps.googleapis.com/maps/api/streetview?size=800x800&location=104+E+MAIN+ST,New+Hampton+Iowa",-92.3138049,43.0594841,,,,,,,,,,,,,,,,,,FALSE,house_present,FALSE,,0,,0,,0,,0,
602 HOMESTEAD CIR,New Hampton,Iowa,G,H,G_H_602 HOMESTEAD CIR.png,"https://maps.googleapis.com/maps/api/streetview?size=800x800&location=602+HOMESTEAD+CIR,New+Hampton+Iowa",-92.3161926,43.0658796,,,,,,,,,,,,,,,,,,,,,,,,,,,,,
607 HOMESTEAD CIR,New Hampton,Iowa,G,H,G_H_607 HOMESTEAD CIR.png,"https://maps.googleapis.com/maps/api/streetview?size=800x800&location=607+HOMESTEAD+CIR,New+Hampton+Iowa",-92.3154801,43.0658371,,,,,,,,,,,,,,,,,,,,,,,,,,,,,
616 HOMESTEAD CIR,New Hampton,Iowa,G,H,G_H_616 HOMESTEAD CIR.png,"https://maps.googleapis.com/maps/api/streetview?size=800x800&location=616+HOMESTEAD+CIR,New+Hampton+Iowa",-92.3159422,43.0654488,,,,,,,,,,,,,,,,,,,,,,,,,,,,,
601 HOMESTEAD CIR,New Hampton,Iowa,G,H,G_H_601 HOMESTEAD CIR.png,"https://maps.googleapis.com/maps/api/streetview?size=800x800&location=601+HOMESTEAD+CIR,New+Hampton+Iowa",-92.3155571,43.0660629,,,,,,,,,,,,,,,,,,,,,,,,,,,,,
608 HOMESTEAD CIR,New Hampton,Iowa,G,H,G_H_608 HOMESTEAD CIR.png,"https://maps.googleapis.com/maps/api/streetview?size=800x800&location=608+HOMESTEAD+CIR,New+Hampton+Iowa",-92.3161733,43.0656715,,,,,,,,,,,,,,,,,,,,,,,,,,,,,
311 LINCOLN ST,New Hampton,Iowa,G,H,G_H_311 LINCOLN ST.png,"https://maps.googleapis.com/maps/api/streetview?size=800x800&location=311+LINCOLN+ST,New+Hampton+Iowa",-92.3104932,43.0655396,,,,,,,,,,,,,,,,,,,,,,,,,,,,,
15 W COURT ST,New Hampton,Iowa,G,H,G_H_15 W COURT ST.png,"https://maps.googleapis.com/maps/api/streetview?size=800x800&location=15+W+COURT+ST,New+Hampton+Iowa",-92.3163466,43.0613281,,,,,,,,,,,,,,,,,,,,,,,,,,,,,
507 N LINN AVE,New Hampton,Iowa,G,H,G_H_507 N LINN AVE.png,"https://maps.googleapis.com/maps/api/streetview?size=800x800&location=507+N+LINN+AVE,New+Hampton+Iowa",-92.3175597,43.0641654,,,,,,,,,,,,,,,,,,TRUE,,FALSE,garden_present,43.5,poor_siding,37.51,poor/no_gutter,71.83,good_roof,59.7,G_H_507 N LINN AVE_
402 N WALNUT AVE,New Hampton,Iowa,G,H,G_H_402 N WALNUT AVE.png,"https://maps.googleapis.com/maps/api/streetview?size=800x800&location=402+N+WALNUT+AVE,New+Hampton+Iowa",-92.3168665,43.0631181,,,,,,,,,,,,,,,,,,,,,,,,,,,,,
409 E MILWAUKEE ST,New Hampton,Iowa,G,H,G_H_409 E MILWAUKEE ST.png,"https://maps.googleapis.com/maps/api/streetview?size=800x800&location=409+E+MILWAUKEE+ST,New+Hampton+Iowa",-92.3093573,43.066491,,,,,,,,,,,,,,,,,,,,,,,,,,,,,
207 N LINN AVE,New Hampton,Iowa,G,H,G_H_207 N LINN AVE.png,"https://maps.googleapis.com/maps/api/streetview?size=800x800&location=207+N+LINN+AVE,New+Hampton+Iowa",-92.3175597,43.0614742,,,,,,,,,,,,,,,,,,TRUE,,FALSE,garden_present,41.65,poor_siding,36.71,good_gutter,50.08,good_roof,53.33,G_H_207 N LINN AVE_
4 E WASHINGTON ST,New Hampton,Iowa,G,H,G_H_4 E WASHINGTON ST.png,"https://maps.googleapis.com/maps/api/streetview?size=800x800&location=4+E+WASHINGTON+ST,New+Hampton+Iowa",-92.3150565,43.0631546,,,,,,,,,,,,,,,,,,,,,,,,,,,,,
305 W MAIN ST,New Hampton,Iowa,G,H,G_H_305 W MAIN ST.png,"https://maps.googleapis.com/maps/api/streetview?size=800x800&location=305+W+MAIN+ST,New+Hampton+Iowa",-92.3196587,43.0594418,,,,,,,,,,,,,,,,,,FALSE,house_present,FALSE,,0,,0,,0,,0,
116 E HALE ST,New Hampton,Iowa,G,H,G_H_116 E HALE ST.png,"https://maps.googleapis.com/maps/api/streetview?size=800x800&location=116+E+HALE+ST,New+Hampton+Iowa",-92.3131695,43.062283,,,,,,,,,,,,,,,,,,,,,,,,,,,,,
310 E MAIN ST,New Hampton,Iowa,G,H,G_H_310 E MAIN ST.png,"https://maps.googleapis.com/maps/api/streetview?size=800x800&location=310+E+MAIN+ST,New+Hampton+Iowa",-92.3112826,43.0595918,,,,,,,,,,,,,,,,,,TRUE,,FALSE,garden_present,42.16,poor_siding,38.27,good_gutter,59.94,good_roof,56.18,G_H_310 E MAIN ST_
509 E JEFFERSON ST,New Hampton,Iowa,G,H,G_H_509 E JEFFERSON ST.png,"https://maps.googleapis.com/maps/api/streetview?size=800x800&location=509+E+JEFFERSON+ST,New+Hampton+Iowa",-92.3078941,43.063602,,,,,,,,,,,,,,,,,,,,,,,,,,,,,
316 E PROSPECT ST,New Hampton,Iowa,G,H,G_H_316 E PROSPECT ST.png,"https://maps.googleapis.com/maps/api/streetview?size=800x800&location=316+E+PROSPECT+ST,New+Hampton+Iowa",-92.3108975,43.0604714,,,,,,,,,,,,,,,,,,,,,,,,,,,,,
16 N CHESTNUT AVE,New Hampton,Iowa,G,H,G_H_16 N CHESTNUT AVE.png,"https://maps.googleapis.com/maps/api/streetview?size=800x800&location=16+N+CHESTNUT+AVE,New+Hampton+Iowa",-92.3155764,43.0598275,,,,,,,,,,,,,,,,,,,,,,,,,,,,,
520 N PLEASANT HILL AVE,New Hampton,Iowa,G,H,G_H_520 N PLEASANT HILL AVE.png,"https://maps.googleapis.com/maps/api/streetview?size=800x800&location=520+N+PLEASANT+HILL+AVE,New+Hampton+Iowa",-92.3090877,43.0648288,,,,,,,,,,,,,,,,,,FALSE,house_present,FALSE,,0,,0,,0,,0,
303 N LOCUST AVE,New Hampton,Iowa,G,H,G_H_303 N LOCUST AVE.png,"https://maps.googleapis.com/maps/api/streetview?size=800x800&location=303+N+LOCUST+AVE,New+Hampton+Iowa",-92.3137857,43.0622705,,,,,,,,,,,,,,,,,,TRUE,,FALSE,garden_present,43.17,poor_siding,37.22,poor/no_gutter,56.53,bad_roof,52.84,G_H_303 N LOCUST AVE_
501 N FOLEY AVE,New Hampton,Iowa,G,H,G_H_501 N FOLEY AVE.png,"https://maps.googleapis.com/maps/api/streetview?size=800x800&location=501+N+FOLEY+AVE,New+Hampton+Iowa",-92.3109553,43.0643175,,,,,,,,,,,,,,,,,,,,,,,,,,,,,
416 E MAIN ST,New Hampton,Iowa,G,H,G_H_416 E MAIN ST.png,"https://maps.googleapis.com/maps/api/streetview?size=800x800&location=416+E+MAIN+ST,New+Hampton+Iowa",-92.3096653,43.0596244,,,,,,,,,,,,,,,,,,TRUE,,FALSE,garden_present,45.98,poor_siding,40.84,poor/no_gutter,68.51,good_roof,60.17,G_H_416 E MAIN ST_
203 W HALE ST,New Hampton,Iowa,G,H,G_H_203 W HALE ST.png,"https://maps.googleapis.com/maps/api/streetview?size=800x800&location=203+W+HALE+ST,New+Hampton+Iowa",-92.3181952,43.0622005,,,,,,,,,,,,,,,,,,,,,,,,,,,,,
17 N WALNUT AVE,New Hampton,Iowa,G,H,G_H_17 N WALNUT AVE.png,"https://maps.googleapis.com/maps/api/streetview?size=800x800&location=17+N+WALNUT+AVE,New+Hampton+Iowa",-92.3163562,43.059897,,,,,,,,,,,,,,,,,,,,,,,,,,,,,
111 N MAPLE AVE,New Hampton,Iowa,G,H,G_H_111 N MAPLE AVE.png,"https://maps.googleapis.com/maps/api/streetview?size=800x800&location=111+N+MAPLE+AVE,New+Hampton+Iowa",-92.3199476,43.0606679,,,,,,,,,,,,,,,,,,,,,,,,,,,,,
514 E JEFFERSON ST,New Hampton,Iowa,G,H,G_H_514 E JEFFERSON ST.png,"https://maps.googleapis.com/maps/api/streetview?size=800x800&location=514+E+JEFFERSON+ST,New+Hampton+Iowa",-92.3078748,43.0640762,,,,,,,,,,,,,,,,,,,,,,,,,,,,,
210 N CHESTNUT AVE,New Hampton,Iowa,G,H,G_H_210 N CHESTNUT AVE.png,"https://maps.googleapis.com/maps/api/streetview?size=800x800&location=210+N+CHESTNUT+AVE,New+Hampton+Iowa",-92.3156341,43.0616647,,,,,,,,,,,,,,,,,,,,,,,,,,,,,
407 N WALNUT AVE,New Hampton,Iowa,G,H,G_H_407 N WALNUT AVE.png,"https://maps.googleapis.com/maps/api/streetview?size=800x800&location=407+N+WALNUT+AVE,New+Hampton+Iowa",-92.3163274,43.0632806,,,,,,,,,,,,,,,,,,,,,,,,,,,,,
511 N PLEASANT HILL AVE,New Hampton,Iowa,G,H,G_H_511 N PLEASANT HILL AVE.png,"https://maps.googleapis.com/maps/api/streetview?size=800x800&location=511+N+PLEASANT+HILL+AVE,New+Hampton+Iowa",-92.3084139,43.064596,,,,,,,,,,,,,,,,,,TRUE,,FALSE,garden_present,41.74,poor_siding,36.2,good_gutter,57.07,good_roof,60.61,G_H_511 N PLEASANT HILL AVE_
119 W SYCAMORE ST,Ogden,Iowa,G,OG,,"119 W SYCAMORE ST, Ogden, Iowa",-94.0289772,42.0412547,,,,,,,,,,,,,,,,,,TRUE,,FALSE,garden_present,49.09,poor_siding,39.78,good_gutter,68.01,good_roof,56.35,G_OG_119 W SYCAMORE ST_
319 NW 2ND ST,Ogden,Iowa,G,OG,,"319 NW 2ND ST, Ogden, Iowa",-94.0292165,42.0417869,,,,,,,,,,,,,,,,,,TRUE,,FALSE,garden_present,45.07,poor_siding,36.44,good_gutter,69.47,good_roof,56.28,G_OG_319 NW 2ND ST_
125 W SYCAMORE ST,Ogden,Iowa,G,OG,,"125 W SYCAMORE ST, Ogden, Iowa",-94.0292564,42.0412449,,,,,,,,,,,,,,,,,,TRUE,,FALSE,garden_present,44.92,poor_siding,37.81,good_gutter,62.03,good_roof,51.42,G_OG_125 W SYCAMORE ST_
207 W MAPLE ST,Ogden,Iowa,G,OG,,"207 W MAPLE ST, Ogden, Iowa",-94.0300144,42.0422223,,,,,,,,,,,,,,,,,,TRUE,,FALSE,garden_present,44.92,poor_siding,38.01,good_gutter,65.98,good_roof,54.46,G_OG_207 W MAPLE ST_
426 N 1ST ST,Ogden,Iowa,G,OG,,"426 N 1ST ST, Ogden, Iowa",-94.0283189,42.042803,,,,,,,,,,,,,,,,,,TRUE,,FALSE,garden_present,41.6,poor_siding,34.75,good_gutter,52.31,good_roof,54.99,G_OG_426 N 1ST ST_
402 NW 2ND ST,Ogden,Iowa,G,OG,,"402 NW 2ND ST, Ogden, Iowa",-94.0297751,42.0422307,,,,,,,,,,,,,,,,,,FALSE,house_present,FALSE,,0,,0,,0,,0,
407 NW 3RD ST,Ogden,Iowa,G,OG,,"407 NW 3RD ST, Ogden, Iowa",-94.0304732,42.0424186,,,,,,,,,,,,,,,,,,TRUE,,FALSE,garden_present,48.45,poor_siding,37.99,poor/no_gutter,64.92,good_roof,58.76,G_OG_407 NW 3RD ST_
125 W MAPLE ST,Ogden,Iowa,G,OG,,"125 W MAPLE ST, Ogden, Iowa",-94.0292564,42.0422489,,,,,,,,,,,,,,,,,,TRUE,,FALSE,garden_present,44.18,poor_siding,36.7,good_gutter,70.27,good_roof,52.89,G_OG_125 W MAPLE ST_
219 W MAPLE ST,Ogden,Iowa,G,OG,,"219 W MAPLE ST, Ogden, Iowa",-94.0304533,42.0422069,,,,,,,,,,,,,,,,,,FALSE,house_present,FALSE,,0,,0,,0,,0,
119 W MAPLE ST,Ogden,Iowa,G,OG,,"119 W MAPLE ST, Ogden, Iowa",-94.0290171,42.0422959,,,,,,,,,,,,,,,,,,TRUE,,FALSE,garden_present,47.14,poor_siding,35.98,good_gutter,71.12,good_roof,54.95,G_OG_119 W MAPLE ST_
619 W MAPLE ST,Ogden,Iowa,G,OG,,"619 W MAPLE ST, Ogden, Iowa",-94.0354425,42.0422698,,,,,,,,,,,,,,,,,,FALSE,house_present,FALSE,,0,,0,,0,,0,
419 NW 7TH ST,Ogden,Iowa,G,OG,,"419 NW 7TH ST, Ogden, Iowa",-94.0360788,42.0426275,,,,,,,,,,,,,,,,,,TRUE,,FALSE,garden_present,44.56,poor_siding,38.39,good_gutter,69.35,good_roof,57.26,G_OG_419 NW 7TH ST_
513 NW 3RD ST,Ogden,Iowa,G,OG,,"513 NW 3RD ST, Ogden, Iowa",-94.0303934,42.0435797,,,,,,,,,,,,,,,,,,TRUE,,FALSE,garden_present,46.42,poor_siding,39.98,poor/no_gutter,66.82,good_roof,59.12,G_OG_513 NW 3RD ST_
513 NW 3RD ST,Ogden,Iowa,G,OG,,"513 NW 3RD ST, Ogden, Iowa",-94.0303934,42.0435797,,,,,,,,,,,,,,,,,,TRUE,,FALSE,garden_present,46.42,poor_siding,39.98,poor/no_gutter,66.82,good_roof,59.12,G_OG_513 NW 3RD ST_
513 NW 3RD ST,Ogden,Iowa,G,OG,,"513 NW 3RD ST, Ogden, Iowa",-94.0303934,42.0435797,,,,,,,,,,,,,,,,,,TRUE,,FALSE,garden_present,46.42,poor_siding,39.98,poor/no_gutter,66.82,good_roof,59.12,G_OG_513 NW 3RD ST_
513 NW 3RD ST,Ogden,Iowa,G,OG,,"513 NW 3RD ST, Ogden, Iowa",-94.0303934,42.0435797,,,,,,,,,,,,,,,,,,TRUE,,FALSE,garden_present,46.42,poor_siding,39.98,poor/no_gutter,66.82,good_roof,59.12,G_OG_513 NW 3RD ST_
513 NW 3RD ST,Ogden,Iowa,G,OG,,"513 NW 3RD ST, Ogden, Iowa",-94.0303934,42.0435797,,,,,,,,,,,,,,,,,,TRUE,,FALSE,garden_present,46.42,poor_siding,39.98,poor/no_gutter,66.82,good_roof,59.12,G_OG_513 NW 3RD ST_
620 N 5TH ST,Ogden,Iowa,G,OG,,"620 N 5TH ST, Ogden, Iowa",-94.0336051,42.0447606,,,,,,,,,,,,,,,,,,TRUE,,FALSE,garden_present,47.08,poor_siding,39.98,good_gutter,50.58,good_roof,55.28,G_OG_620 N 5TH ST_
120 W ELM ST,Ogden,Iowa,G,OG,,"120 W ELM ST, Ogden, Iowa",-94.0288774,42.0427834,,,,,,,,,,,,,,,,,,TRUE,,FALSE,garden_present,43.99,poor_siding,39.37,good_gutter,53.52,good_roof,59.28,G_OG_120 W ELM ST_
626 W ELM ST,Ogden,Iowa,G,OG,,"626 W ELM ST, Ogden, Iowa",-94.0358394,42.0427903,,,,,,,,,,,,,,,,,,FALSE,house_present,FALSE,,0,,0,,0,,0,
407 NW 7TH ST,Ogden,Iowa,G,OG,,"407 NW 7TH ST, Ogden, Iowa",-94.0359424,42.0422943,,,,,,,,,,,,,,,,,,TRUE,,FALSE,garden_present,42.72,poor_siding,38.81,good_gutter,70.47,good_roof,57.88,G_OG_407 NW 7TH ST_
513 NW 3RD ST,Ogden,Iowa,G,OG,,"513 NW 3RD ST, Ogden, Iowa",-94.0303934,42.0435797,,,,,,,,,,,,,,,,,,TRUE,,FALSE,garden_present,46.42,poor_siding,39.98,poor/no_gutter,66.82,good_roof,59.12,G_OG_513 NW 3RD ST_
101 W SYCAMORE ST,Ogden,Iowa,G,OG,,"101 W SYCAMORE ST, Ogden, Iowa",-94.0283389,42.0413157,,,,,,,,,,,,,,,,,,FALSE,house_present,FALSE,,0,,0,,0,,0,
407 W SYCAMORE ST,Ogden,Iowa,G,OG,,"407 W SYCAMORE ST, Ogden, Iowa",-94.0326875,42.0412791,,,,,,,,,,,,,,,,,,FALSE,house_present,FALSE,,0,,0,,0,,0,
320 NW 5TH ST,Ogden,Iowa,G,OG,,"320 NW 5TH ST, Ogden, Iowa",-94.0336051,42.0418262,,,,,,,,,,,,,,,,,,TRUE,,FALSE,garden_present,39.74,poor_siding,36.57,good_gutter,71.54,good_roof,51.94,G_OG_320 NW 5TH ST_
101 E ELM ST,Ogden,Iowa,G,OG,,"101 E ELM ST, Ogden, Iowa",-94.0277405,42.0432673,,,,,,,,,,,,,,,,,,FALSE,house_present,FALSE,,0,,0,,0,,0,
513 NW 3RD ST,Ogden,Iowa,G,OG,,"513 NW 3RD ST, Ogden, Iowa",-94.0303934,42.0435797,,,,,,,,,,,,,,,,,,TRUE,,FALSE,garden_present,46.42,poor_siding,39.98,poor/no_gutter,66.82,good_roof,59.12,G_OG_513 NW 3RD ST_
513 NW 3RD ST,Ogden,Iowa,G,OG,,"513 NW 3RD ST, Ogden, Iowa",-94.0303934,42.0435797,,,,,,,,,,,,,,,,,,TRUE,,FALSE,garden_present,46.42,poor_siding,39.98,poor/no_gutter,66.82,good_roof,59.12,G_OG_513 NW 3RD ST_
302 NW 4TH ST,Ogden,Iowa,G,OG,,"302 NW 4TH ST, Ogden, Iowa",-94.0323683,42.0412903,,,,,,,,,,,,,,,,,,FALSE,house_present,FALSE,,0,,0,,0,,0,
420 NW 2ND ST,Ogden,Iowa,G,OG,,"420 NW 2ND ST, Ogden, Iowa",-94.029815,42.0428471,,,,,,,,,,,,,,,,,,TRUE,,FALSE,garden_present,47.02,poor_siding,38.92,poor/no_gutter,59.98,good_roof,55.87,G_OG_420 NW 2ND ST_
107 W SYCAMORE ST,Ogden,Iowa,G,OG,,"107 W SYCAMORE ST, Ogden, Iowa",-94.0285383,42.0412701,,,,,,,,,,,,,,,,,,TRUE,,FALSE,garden_present,44.97,poor_siding,39.16,poor/no_gutter,53.5,good_roof,57.52,G_OG_107 W SYCAMORE ST_
414 NW 2ND ST,Ogden,Iowa,G,OG,,"414 NW 2ND ST, Ogden, Iowa",-94.0297751,42.0426554,,,,,,,,,,,,,,,,,,TRUE,,FALSE,garden_present,44.34,poor_siding,37.06,good_gutter,67.7,good_roof,55.15,G_OG_414 NW 2ND ST_
519 W CHERRY ST,Ogden,Iowa,G,OG,,"519 W CHERRY ST, Ogden, Iowa",-94.0343233,42.0442721,,,,,,,,,,,,,,,,,,TRUE,,FALSE,garden_present,43.52,poor_siding,37.17,good_gutter,65.99,good_roof,55.97,G_OG_519 W CHERRY ST_
113 W SYCAMORE ST,Ogden,Iowa,G,OG,,"113 W SYCAMORE ST, Ogden, Iowa",-94.0287378,42.0412631,,,,,,,,,,,,,,,,,,TRUE,,FALSE,garden_present,42.07,poor_siding,37.61,good_gutter,64.59,good_roof,53.96,G_OG_113 W SYCAMORE ST_
601 W MAPLE ST,Ogden,Iowa,G,OG,,"601 W MAPLE ST, Ogden, Iowa",-94.0348818,42.0422447,,,,,,,,,,,,,,,,,,FALSE,house_present,FALSE,,0,,0,,0,,0,
420 NW 5TH ST,Ogden,Iowa,G,OG,,"420 NW 5TH ST, Ogden, Iowa",-94.033645,42.0427901,,,,,,,,,,,,,,,,,,TRUE,,FALSE,garden_present,45.12,poor_siding,37.33,good_gutter,66.06,good_roof,56.19,G_OG_420 NW 5TH ST_
320 NW 2ND ST,Ogden,Iowa,G,OG,,"320 NW 2ND ST, Ogden, Iowa",-94.029815,42.0418432,,,,,,,,,,,,,,,,,,TRUE,,FALSE,garden_present,41.25,poor_siding,39.32,poor/no_gutter,65.93,good_roof,58.86,G_OG_320 NW 2ND ST_
701 W LOCUST ST,Ogden,Iowa,G,OG,,"701 W LOCUST ST, Ogden, Iowa",-94.0366175,42.0403497,,,,,,,,,,,,,,,,,,FALSE,house_present,FALSE,,0,,0,,0,,0,
214 NW 6TH ST,Ogden,Iowa,G,OG,,"214 NW 6TH ST, Ogden, Iowa",-94.0348818,42.040623,,,,,,,,,,,,,,,,,,FALSE,house_present,FALSE,,0,,0,,0,,0,
319 NW 3RD ST,Ogden,Iowa,G,OG,,"319 NW 3RD ST, Ogden, Iowa",-94.0304932,42.0418194,,,,,,,,,,,,,,,,,,FALSE,house_present,FALSE,,0,,0,,0,,0,
219 W SYCAMORE ST,Ogden,Iowa,G,OG,,"219 W SYCAMORE ST, Ogden, Iowa",-94.0304932,42.0412016,,,,,,,,,,,,,,,,,,FALSE,house_present,FALSE,,0,,0,,0,,0,
520 W CHESTNUT ST,Ogden,Iowa,G,OG,,"520 W CHESTNUT ST, Ogden, Iowa",-94.0343831,42.0448299,,,,,,,,,,,,,,,,,,TRUE,,FALSE,garden_present,45.95,poor_siding,35.32,good_gutter,65.28,good_roof,50.36,G_OG_520 W CHESTNUT ST_
301 W CHESTNUT ST,Ogden,Iowa,G,OG,,"301 W CHESTNUT ST, Ogden, Iowa",-94.0310517,42.0453135,,,,,,,,,,,,,,,,,,FALSE,house_present,FALSE,,0,,0,,0,,0,
313 W CHESTNUT ST,Ogden,Iowa,G,OG,,"313 W CHESTNUT ST, Ogden, Iowa",-94.0315105,42.0452395,,,,,,,,,,,,,,,,,,FALSE,house_present,FALSE,,0,,0,,0,,0,
120 W MAPLE ST,Ogden,Iowa,G,OG,,"120 W MAPLE ST, Ogden, Iowa",-94.0289572,42.0418539,,,,,,,,,,,,,,,,,,TRUE,,FALSE,garden_present,44.09,poor_siding,35.83,good_gutter,68.59,good_roof,55.35,G_OG_120 W MAPLE ST_
419 NW 8TH ST,Ogden,Iowa,G,OG,,"419 NW 8TH ST, Ogden, Iowa",-94.037595,42.0426515,,,,,,,,,,,,,,,,,,FALSE,house_present,FALSE,,0,,0,,0,,0,
519 W MAPLE ST,Ogden,Iowa,G,OG,,"519 W MAPLE ST, Ogden, Iowa",-94.0343632,42.0424174,,,,,,,,,,,,,,,,,,TRUE,,FALSE,garden_present,38.09,chipped_paint,36.19,good_gutter,69.9,good_roof,53.28,G_OG_519 W MAPLE ST_
507 NE 3RD ST,Ogden,Iowa,G,OG,,"507 NE 3RD ST, Ogden, Iowa",-94.0250278,42.0434395,,,,,,,,,,,,,,,,,,TRUE,,FALSE,garden_present,47.8,poor_siding,38.17,good_gutter,62.34,good_roof,53.77,G_OG_507 NE 3RD ST_
513 W MAPLE ST,Ogden,Iowa,G,OG,,"513 W MAPLE ST, Ogden, Iowa",-94.0340839,42.0422727,,,,,,,,,,,,,,,,,,TRUE,,FALSE,garden_present,44.43,poor_siding,36.76,good_gutter,66.73,good_roof,53.26,G_OG_513 W MAPLE ST_
519 NE 3RD ST,Ogden,Iowa,G,OG,,"519 NE 3RD ST, Ogden, Iowa",-94.0250278,42.0437097,,,,,,,,,,,,,,,,,,TRUE,,FALSE,garden_present,44.77,poor_siding,36.56,good_gutter,66.69,bad_roof,53.17,G_OG_519 NE 3RD ST_
701 BENTON CIR,Slater,Iowa,G,S,G_S_701 BENTON CIR.png,"https://maps.googleapis.com/maps/api/streetview?size=800x800&location=701+BENTON+CIR,Slater+Iowa",-93.6792994,41.8756303,,,,,,,,,,,,,,,,,,FALSE,house_present,FALSE,,0,,0,,0,,0,
637 GREENE ST,Slater,Iowa,G,S,G_S_637 GREENE ST.png,"https://maps.googleapis.com/maps/api/streetview?size=800x800&location=637+GREENE+ST,Slater+Iowa",-93.6856592,41.8756012,,,,,,,,,,,,,,,,,,TRUE,,FALSE,garden_present,44.61,poor_siding,37.23,good_gutter,64.46,good_roof,50.65,G_S_637 GREENE ST_
705 TAMA CIR,Slater,Iowa,G,S,G_S_705 TAMA CIR.png,"https://maps.googleapis.com/maps/api/streetview?size=800x800&location=705+TAMA+CIR,Slater+Iowa",-93.6812211,41.8754333,,,,,,,,,,,,,,,,,,TRUE,,FALSE,garden_present,39.67,poor_siding,36.63,good_gutter,68.12,good_roof,56.37,G_S_705 TAMA CIR_
608 8TH AVE,Slater,Iowa,G,S,G_S_608 8TH AVE.png,"https://maps.googleapis.com/maps/api/streetview?size=800x800&location=608+8TH+AVE,Slater+Iowa",-93.6861347,41.8751211,,,,,,,,,,,,,,,,,,TRUE,,FALSE,garden_present,40.06,chipped_paint,36.24,good_gutter,67.95,good_roof,54.55,G_S_608 8TH AVE_
604 8TH AVE,Slater,Iowa,G,S,G_S_604 8TH AVE.png,"https://maps.googleapis.com/maps/api/streetview?size=800x800&location=604+8TH+AVE,Slater+Iowa",-93.6855007,41.8749089,,,,,,,,,,,,,,,,,,TRUE,,FALSE,garden_present,39.97,poor_siding,37.16,good_gutter,68.12,good_roof,56.62,G_S_604 8TH AVE_
202 8TH AVE,Slater,Iowa,G,S,G_S_202 8TH AVE.png,"https://maps.googleapis.com/maps/api/streetview?size=800x800&location=202+8TH+AVE,Slater+Iowa",-93.6803494,41.8749188,,,,,,,,,,,,,,,,,,TRUE,,FALSE,garden_present,47.64,poor_siding,40.88,poor/no_gutter,55.62,good_roof,55.9,G_S_202 8TH AVE_
104 8TH AVE,Slater,Iowa,G,S,G_S_104 8TH AVE.png,"https://maps.googleapis.com/maps/api/streetview?size=800x800&location=104+8TH+AVE,Slater+Iowa",-93.6795371,41.8749254,,,,,,,,,,,,,,,,,,TRUE,,FALSE,garden_present,49.36,poor_siding,37.93,poor/no_gutter,55.37,good_roof,51.52,G_S_104 8TH AVE_
706 MARSHALL ST,Slater,Iowa,G,S,G_S_706 MARSHALL ST.png,"https://maps.googleapis.com/maps/api/streetview?size=800x800&location=706+MARSHALL+ST,Slater+Iowa",-93.6817957,41.8756668,,,,,,,,,,,,,,,,,,TRUE,,FALSE,garden_present,45.95,poor_siding,37.03,good_gutter,55.08,good_roof,61.42,G_S_706 MARSHALL ST_
900 FOUR MILE DR,Slater,Iowa,G,S,G_S_900 FOUR MILE DR.png,"https://maps.googleapis.com/maps/api/streetview?size=800x800&location=900+FOUR+MILE+DR,Slater+Iowa",-93.6875019,41.8755228,,,,,,,,,,,,,,,,,,FALSE,house_present,FALSE,,0,,0,,0,,0,
638 GREENE ST,Slater,Iowa,G,S,G_S_638 GREENE ST.png,"https://maps.googleapis.com/maps/api/streetview?size=800x800&location=638+GREENE+ST,Slater+Iowa",-93.6850252,41.8756215,,,,,,,,,,,,,,,,,,FALSE,house_present,FALSE,,0,,0,,0,,0,
700 TAMA CIR,Slater,Iowa,G,S,G_S_700 TAMA CIR.png,"https://maps.googleapis.com/maps/api/streetview?size=800x800&location=700+TAMA+CIR,Slater+Iowa",-93.6805871,41.8753761,,,,,,,,,,,,,,,,,,TRUE,,FALSE,garden_present,42.93,poor_siding,37.38,good_gutter,67.17,good_roof,60.08,G_S_700 TAMA CIR_
705 BENTON CIR,Slater,Iowa,G,S,G_S_705 BENTON CIR.png,"https://maps.googleapis.com/maps/api/streetview?size=800x800&location=705+BENTON+CIR,Slater+Iowa",-93.6799531,41.8753964,,,,,,,,,,,,,,,,,,TRUE,,FALSE,garden_present,48.05,poor_siding,36.99,good_gutter,63.53,good_roof,54.92,G_S_705 BENTON CIR_
700 BENTON CIR,Slater,Iowa,G,S,G_S_700 BENTON CIR.png,"https://maps.googleapis.com/maps/api/streetview?size=800x800&location=700+BENTON+CIR,Slater+Iowa",-93.679339,41.8753966,,,,,,,,,,,,,,,,,,FALSE,house_present,FALSE,,0,,0,,0,,0,
610 8TH AVE,Slater,Iowa,G,S,G_S_610 8TH AVE.png,"https://maps.googleapis.com/maps/api/streetview?size=800x800&location=610+8TH+AVE,Slater+Iowa",-93.6864518,41.8751884,,,,,,,,,,,,,,,,,,TRUE,,FALSE,garden_present,41.31,chipped_paint,36.57,good_gutter,69.94,good_roof,50.59,G_S_610 8TH AVE_
204 8TH AVE,Slater,Iowa,G,S,G_S_204 8TH AVE.png,"https://maps.googleapis.com/maps/api/streetview?size=800x800&location=204+8TH+AVE,Slater+Iowa",-93.6805871,41.8749112,,,,,,,,,,,,,,,,,,TRUE,,FALSE,garden_present,45.41,poor_siding,37.14,good_gutter,68.78,good_roof,56.19,G_S_204 8TH AVE_
614 8TH AVE,Slater,Iowa,G,S,G_S_614 8TH AVE.png,"https://maps.googleapis.com/maps/api/streetview?size=800x800&location=614+8TH+AVE,Slater+Iowa",-93.6869867,41.8753844,,,,,,,,,,,,,,,,,,TRUE,,FALSE,garden_present,40.93,poor_siding,36.48,good_gutter,69.38,good_roof,50.96,G_S_614 8TH AVE_
708 MARSHALL ST,Slater,Iowa,G,S,G_S_708 MARSHALL ST.png,"https://maps.googleapis.com/maps/api/streetview?size=800x800&location=708+MARSHALL+ST,Slater+Iowa",-93.6817957,41.8753956,,,,,,,,,,,,,,,,,,TRUE,,FALSE,garden_present,47.71,poor_siding,39.54,good_gutter,59.59,good_roof,56.58,G_S_708 MARSHALL ST_
101 8TH AVE,Slater,Iowa,G,S,G_S_101 8TH AVE.png,"https://maps.googleapis.com/maps/api/streetview?size=800x800&location=101+8TH+AVE,Slater+Iowa",-93.6788635,41.8754893,,,,,,,,,,,,,,,,,,TRUE,,FALSE,garden_present,38.15,poor_siding,36.42,good_gutter,68.9,good_roof,54.28,G_S_101 8TH AVE_
100 8TH AVE,Slater,Iowa,G,S,G_S_100 8TH AVE.png,"https://maps.googleapis.com/maps/api/streetview?size=800x800&location=100+8TH+AVE,Slater+Iowa",-93.6787843,41.8749107,,,,,,,,,,,,,,,,,,TRUE,,FALSE,garden_present,48.55,poor_siding,38.22,good_gutter,65.42,good_roof,60.89,G_S_100 8TH AVE_
305 9TH AVE,Slater,Iowa,G,S,G_S_305 9TH AVE.png,"https://maps.googleapis.com/maps/api/streetview?size=800x800&location=305+9TH+AVE,Slater+Iowa",-93.6818353,41.874542,,,,,,,,,,,,,,,,,,TRUE,,FALSE,garden_present,43.05,poor_siding,36.67,good_gutter,50.85,good_roof,57.29,G_S_305 9TH AVE_
804 S CARROLL ST,Slater,Iowa,G,S,G_S_804 S CARROLL ST.png,"https://maps.googleapis.com/maps/api/streetview?size=800x800&location=804+S+CARROLL+ST,Slater+Iowa",-93.6875416,41.8771875,,,,,,,,,,,,,,,,,,TRUE,,FALSE,garden_present,40,poor_siding,36.5,good_gutter,70.23,good_roof,55.22,G_S_804 S CARROLL ST_
605 MARSHALL ST,Slater,Iowa,G,S,G_S_605 MARSHALL ST.png,"https://maps.googleapis.com/maps/api/streetview?size=800x800&location=605+MARSHALL+ST,Slater+Iowa",-93.6824297,41.8772736,,,,,,,,,,,,,,,,,,TRUE,,FALSE,garden_present,39.61,poor_siding,35.96,good_gutter,67.97,good_roof,50.25,G_S_605 MARSHALL ST_
807 S CARROLL ST,Slater,Iowa,G,S,G_S_807 S CARROLL ST.png,"https://maps.googleapis.com/maps/api/streetview?size=800x800&location=807+S+CARROLL+ST,Slater+Iowa",-93.6883341,41.8771621,,,,,,,,,,,,,,,,,,TRUE,,FALSE,no_garden,38.91,chipped_paint,35.91,good_gutter,70.55,good_roof,50.1,G_S_807 S CARROLL ST_
811 S CARROLL ST,Slater,Iowa,G,S,G_S_811 S CARROLL ST.png,"https://maps.googleapis.com/maps/api/streetview?size=800x800&location=811+S+CARROLL+ST,Slater+Iowa",-93.6879378,41.8767486,,,,,,,,,,,,,,,,,,TRUE,,FALSE,garden_present,38.43,chipped_paint,35.81,good_gutter,71.79,good_roof,53.42,G_S_811 S CARROLL ST_
108 10TH AVE,Slater,Iowa,G,S,G_S_108 10TH AVE.png,"https://maps.googleapis.com/maps/api/streetview?size=800x800&location=108+10TH+AVE,Slater+Iowa",-93.6799531,41.8733042,,,,,,,,,,,,,,,,,,TRUE,,FALSE,garden_present,43.79,poor_siding,36.9,poor/no_gutter,63.85,good_roof,54.24,G_S_108 10TH AVE_
612 GREENE ST,Slater,Iowa,G,S,G_S_612 GREENE ST.png,"https://maps.googleapis.com/maps/api/streetview?size=800x800&location=612+GREENE+ST,Slater+Iowa",-93.6856592,41.8773059,,,,,,,,,,,,,,,,,,FALSE,house_present,FALSE,,0,,0,,0,,0,
809 S CARROLL ST,Slater,Iowa,G,S,G_S_809 S CARROLL ST.png,"https://maps.googleapis.com/maps/api/streetview?size=800x800&location=809+S+CARROLL+ST,Slater+Iowa",-93.688136,41.8769747,,,,,,,,,,,,,,,,,,TRUE,,FALSE,no_garden,42.47,poor_siding,35.18,good_gutter,70.34,good_roof,53.44,G_S_809 S CARROLL ST_
608 MARSHALL ST,Slater,Iowa,G,S,G_S_608 MARSHALL ST.png,"https://maps.googleapis.com/maps/api/streetview?size=800x800&location=608+MARSHALL+ST,Slater+Iowa",-93.6818353,41.8768665,,,,,,,,,,,,,,,,,,FALSE,house_present,FALSE,,0,,0,,0,,0,
805 S CARROLL ST,Slater,Iowa,G,S,G_S_805 S CARROLL ST.png,"https://maps.googleapis.com/maps/api/streetview?size=800x800&location=805+S+CARROLL+ST,Slater+Iowa",-93.6885125,41.8773694,,,,,,,,,,,,,,,,,,TRUE,,FALSE,no_garden,38.44,chipped_paint,35.98,good_gutter,71.64,good_roof,51.82,G_S_805 S CARROLL ST_
802 S CARROLL ST,Slater,Iowa,G,S,G_S_802 S CARROLL ST.png,"https://maps.googleapis.com/maps/api/streetview?size=800x800&location=802+S+CARROLL+ST,Slater+Iowa",-93.6878586,41.8774097,,,,,,,,,,,,,,,,,,TRUE,,FALSE,garden_present,42.37,poor_siding,39.17,good_gutter,67.7,good_roof,55.58,G_S_802 S CARROLL ST_
607 GREENE ST,Slater,Iowa,G,S,G_S_607 GREENE ST.png,"https://maps.googleapis.com/maps/api/streetview?size=800x800&location=607+GREENE+ST,Slater+Iowa",-93.6862772,41.8774661,,,,,,,,,,,,,,,,,,TRUE,,FALSE,garden_present,41.43,chipped_paint,35.94,good_gutter,65.35,good_roof,50.32,G_S_607 GREENE ST_
611 GREENE ST,Slater,Iowa,G,S,G_S_611 GREENE ST.png,"https://maps.googleapis.com/maps/api/streetview?size=800x800&location=611+GREENE+ST,Slater+Iowa",-93.686214,41.8772881,,,,,,,,,,,,,,,,,,TRUE,,FALSE,no_garden,38.03,poor_siding,36.4,good_gutter,70.06,good_roof,53.15,G_S_611 GREENE ST_
607 MARSHALL ST,Slater,Iowa,G,S,G_S_607 MARSHALL ST.png,"https://maps.googleapis.com/maps/api/streetview?size=800x800&location=607+MARSHALL+ST,Slater+Iowa",-93.6824891,41.8770974,,,,,,,,,,,,,,,,,,TRUE,,FALSE,no_garden,39.15,poor_siding,36.06,good_gutter,69.33,good_roof,51.59,G_S_607 MARSHALL ST_
606 MARSHALL ST,Slater,Iowa,G,S,G_S_606 MARSHALL ST.png,"https://maps.googleapis.com/maps/api/streetview?size=800x800&location=606+MARSHALL+ST,Slater+Iowa",-93.6818353,41.8770602,,,,,,,,,,,,,,,,,,TRUE,,FALSE,garden_present,45.69,poor_siding,39.3,good_gutter,70.04,good_roof,57.55,G_S_606 MARSHALL ST_
806 S CARROLL ST,Slater,Iowa,G,S,G_S_806 S CARROLL ST.png,"https://maps.googleapis.com/maps/api/streetview?size=800x800&location=806+S+CARROLL+ST,Slater+Iowa",-93.6873434,41.8769614,,,,,,,,,,,,,,,,,,TRUE,,FALSE,garden_present,41.26,poor_siding,38.31,good_gutter,70.38,good_roof,56.5,G_S_806 S CARROLL ST_
106 10TH AVE,Slater,Iowa,G,S,G_S_106 10TH AVE.png,"https://maps.googleapis.com/maps/api/streetview?size=800x800&location=106+10TH+AVE,Slater+Iowa",-93.6797154,41.8733118,,,,,,,,,,,,,,,,,,TRUE,,FALSE,garden_present,42.21,chipped_paint,36.43,good_gutter,70.77,good_roof,57.19,G_S_106 10TH AVE_
102 10TH AVE REAR,Slater,Iowa,G,S,G_S_102 10TH AVE REAR.png,"https://maps.googleapis.com/maps/api/streetview?size=800x800&location=102+10TH+AVE+REAR,Slater+Iowa",-93.6790814,41.8732546,,,,,,,,,,,,,,,,,,TRUE,,FALSE,garden_present,50.58,poor_siding,37.22,good_gutter,66.36,bad_roof,52.58,G_S_102 10TH AVE REAR_
10TH AVE,Slater,Iowa,G,S,G_S_10TH AVE.png,"https://maps.googleapis.com/maps/api/streetview?size=800x800&location=10TH+AVE,Slater+Iowa",-93.6815728,41.8735086,,,,,,,,,,,,,,,,,,FALSE,house_present,FALSE,,0,,0,,0,,0,
203 9TH AVE,Slater,Iowa,G,S,G_S_203 9TH AVE.png,"https://maps.googleapis.com/maps/api/streetview?size=800x800&location=203+9TH+AVE,Slater+Iowa",-93.6802899,41.8745526,,,,,,,,,,,,,,,,,,FALSE,house_present,FALSE,,0,,0,,0,,0,
201 9TH AVE,Slater,Iowa,G,S,G_S_201 9TH AVE.png,"https://maps.googleapis.com/maps/api/streetview?size=800x800&location=201+9TH+AVE,Slater+Iowa",-93.6800324,41.8745415,,,,,,,,,,,,,,,,,,FALSE,house_present,FALSE,,0,,0,,0,,0,
105 9TH AVE,Slater,Iowa,G,S,G_S_105 9TH AVE.png,"https://maps.googleapis.com/maps/api/streetview?size=800x800&location=105+9TH+AVE,Slater+Iowa",-93.6796163,41.8745354,,,,,,,,,,,,,,,,,,TRUE,,FALSE,garden_present,48.69,poor_siding,38.25,poor/no_gutter,56.05,good_roof,58.07,G_S_105 9TH AVE_
103 9TH AVE,Slater,Iowa,G,S,G_S_103 9TH AVE.png,"https://maps.googleapis.com/maps/api/streetview?size=800x800&location=103+9TH+AVE,Slater+Iowa",-93.6791607,41.8745693,,,,,,,,,,,,,,,,,,TRUE,,FALSE,garden_present,49.8,poor_siding,38.31,poor/no_gutter,54.61,good_roof,60.32,G_S_103 9TH AVE_
303 9TH AVE,Slater,Iowa,G,S,G_S_303 9TH AVE.png,"https://maps.googleapis.com/maps/api/streetview?size=800x800&location=303+9TH+AVE,Slater+Iowa",-93.6815579,41.8745508,,,,,,,,,,,,,,,,,,FALSE,house_present,FALSE,,0,,0,,0,,0,
304 9TH AVE,Slater,Iowa,G,S,G_S_304 9TH AVE.png,"https://maps.googleapis.com/maps/api/streetview?size=800x800&location=304+9TH+AVE,Slater+Iowa",-93.6818353,41.8741158,,,,,,,,,,,,,,,,,,TRUE,,FALSE,garden_present,47.41,poor_siding,41.98,poor/no_gutter,69.08,good_roof,52.9,G_S_304 9TH AVE_
403 9TH AVE,Slater,Iowa,G,S,G_S_403 9TH AVE.png,"https://maps.googleapis.com/maps/api/streetview?size=800x800&location=403+9TH+AVE,Slater+Iowa",-93.6827863,41.8745503,,,,,,,,,,,,,,,,,,TRUE,,FALSE,garden_present,39.14,poor_siding,35.77,good_gutter,69.48,good_roof,52.9,G_S_403 9TH AVE_
207 9TH AVE,Slater,Iowa,G,S,G_S_207 9TH AVE.png,"https://maps.googleapis.com/maps/api/streetview?size=800x800&location=207+9TH+AVE,Slater+Iowa",-93.6808843,41.8745336,,,,,,,,,,,,,,,,,,TRUE,,FALSE,garden_present,39.85,poor_siding,36.51,good_gutter,68.74,good_roof,56.17,G_S_207 9TH AVE_
300 9TH AVE,Slater,Iowa,G,S,G_S_300 9TH AVE.png,"https://maps.googleapis.com/maps/api/streetview?size=800x800&location=300+9TH+AVE,Slater+Iowa",-93.6812013,41.8740973,,,,,,,,,,,,,,,,,,TRUE,,FALSE,garden_present,49.5,poor_siding,38.48,good_gutter,63.81,good_roof,51.53,G_S_300 9TH AVE_
300 6TH AVE,Slater,Iowa,G,S,G_S_300 6TH AVE.png,"https://maps.googleapis.com/maps/api/streetview?size=800x800&location=300+6TH+AVE,Slater+Iowa",-93.6815954,41.877604,,,,,,,,,,,,,,,,,,TRUE,,FALSE,garden_present,46.26,poor_siding,38.79,good_gutter,67.4,good_roof,55.89,G_S_300 6TH AVE_
600 MARSHALL ST,Slater,Iowa,G,S,G_S_600 MARSHALL ST.png,"https://maps.googleapis.com/maps/api/streetview?size=800x800&location=600+MARSHALL+ST,Slater+Iowa",-93.6818551,41.87766,,,,,,,,,,,,,,,,,,TRUE,,FALSE,garden_present,49.11,poor_siding,43.98,poor/no_gutter,60.69,bad_roof,54.75,G_S_600 MARSHALL ST_
601 MARSHALL ST,Slater,Iowa,G,S,G_S_601 MARSHALL ST.png,"https://maps.googleapis.com/maps/api/streetview?size=800x800&location=601+MARSHALL+ST,Slater+Iowa",-93.6824098,41.8776423,,,,,,,,,,,,,,,,,,TRUE,,FALSE,no_garden,37.98,poor_siding,36.16,good_gutter,69.33,good_roof,52.15,G_S_601 MARSHALL ST_
